{
    "Aggregate_1": {
        "day_of_week": 188.64415329865383,
        "month": 348.9150333268034,
        "tavg_rolling_7": 566.0598074818126,
        "Aggregate_rolling_7_mean": 704.4238469263621,
        "Aggregate_rolling_7_std": 1423.5952991094312,
        "Aggregate_lag_1": 1253.2678141289598
    },
    "Fridge_1": {
        "Fridge_rolling_7_mean": 55.99517577664379
    },
    "Chest Freezer_1": {
        "Chest Freezer_rolling_7_mean": 103.51567535109974
    },
    "Upright Freezer_1": {
        "Upright Freezer_rolling_7_mean": 53.053534274221526
    },
    "Tumble Dryer_1": {
        "day_of_week": 9.08391866770555,
        "month": 9.482866582695173,
        "tavg": 4.321987995666033,
        "tavg_rolling_7": 11.512062384508296,
        "tavg_rolling_30": 11.649142814741708,
        "Tumble Dryer_rolling_7_mean": 8.00937411943268,
        "Tumble Dryer_lag_14": 4.5243445823984425
    },
    "Washing Machine_1": {
        "day_of_week": 26.57039400233375,
        "month": 0.3142204011149055,
        "tavg": 52.946139157358836,
        "tavg_rolling_7": 26.192206483268894,
        "tavg_rolling_30": 29.811185499122423,
        "Washing Machine_rolling_7_mean": 16.9844041989014,
        "Washing Machine_lag_15": 2.3207989786720478,
        "Washing Machine_lag_17": 20.01902687595074
    },
    "Dishwasher_1": {
        "day_of_week": 0.4034759385813756,
        "month": 15.03534770082843,
        "tavg": 17.244319452989867,
        "tavg_rolling_7": 1.022108182624707,
        "tavg_rolling_30": 15.60679804969404,
        "Dishwasher_rolling_7_mean": 8.05590331712463,
        "Dishwasher_lag_3": 28.06778305034996,
        "Dishwasher_lag_6": 25.28788626126069,
        "Dishwasher_lag_27": 11.4823439003071
    },
    "Television Site_1": {
        "day_of_week": 6.292565861160989,
        "month": 1.8658629413731012,
        "tavg": 11.406233293866805,
        "tavg_rolling_7": 12.519869992282961,
        "tavg_rolling_30": 3.3038381873715115,
        "Television Site_rolling_7_mean": 50.124168378876014,
        "Television Site_lag_1": 6.816562963017703,
        "Television Site_lag_2": 7.238048010748068,
        "Television Site_lag_3": 9.356081551371979,
        "Television Site_lag_4": 14.709408463770389
    },
    "Electric Heater_1": {
        "day_of_week": 58.61758537235448,
        "month": 18.026307907918582,
        "tavg": 161.8922674904727,
        "tavg_rolling_7": 104.47289150048485,
        "tavg_rolling_30": 59.02387062353858,
        "Electric Heater_rolling_7_mean": 812.8851867314797,
        "Electric Heater_lag_1": 1077.57739377613
    },
    "Fridge_2": {
        "Fridge_rolling_7_mean": 4.713494263842179
    },
    "Chest Freezer_2": {
        "Chest Freezer_rolling_7_mean": 104.30447314569702
    },
    "Upright Freezer_2": {
        "Upright Freezer_rolling_7_mean": 54.11223179738299
    },
    "Tumble Dryer_2": {
        "day_of_week": 12.999282741765624,
        "month": 1.215771719946387,
        "tavg": 6.076607180256494,
        "tavg_rolling_7": 12.218727997783203,
        "tavg_rolling_30": 13.558349897797356,
        "Tumble Dryer_rolling_7_mean": 1.4358002839990345,
        "Tumble Dryer_lag_14": 0.4410397739800965
    },
    "Washing Machine_2": {
        "day_of_week": 11.248051991444363,
        "month": 0.2907735918108205,
        "tavg": 39.540185842581096,
        "tavg_rolling_7": 0.21093546260533763,
        "tavg_rolling_30": 8.827456932133163,
        "Washing Machine_rolling_7_mean": 28.430391454668033,
        "Washing Machine_lag_15": 37.620844913477086,
        "Washing Machine_lag_17": 14.58545664719105
    },
    "Dishwasher_2": {
        "day_of_week": 15.185667424417522,
        "month": 26.33301280920239,
        "tavg": 6.696663630099638,
        "tavg_rolling_7": 55.404042001039144,
        "tavg_rolling_30": 73.91307527508506,
        "Dishwasher_rolling_7_mean": 63.02527813826114,
        "Dishwasher_lag_3": 52.7421045661169,
        "Dishwasher_lag_6": 9.459872025907863,
        "Dishwasher_lag_27": 4.946044109964889
    },
    "Television Site_2": {
        "day_of_week": 5.830307251596667,
        "month": 2.0966077560121534,
        "tavg": 4.512845699746648,
        "tavg_rolling_7": 10.30288711013445,
        "tavg_rolling_30": 7.91522074109563,
        "Television Site_rolling_7_mean": 4.813929088079032,
        "Television Site_lag_1": 9.65280788124393,
        "Television Site_lag_2": 3.688819068731155,
        "Television Site_lag_3": 4.750415322826305,
        "Television Site_lag_4": 7.275152143772163
    },
    "Electric Heater_2": {
        "day_of_week": 29.140448977381734,
        "month": 60.33929873016435,
        "tavg": 61.92482474036607,
        "tavg_rolling_7": 30.69131871997074,
        "tavg_rolling_30": 168.57641780410353,
        "Electric Heater_rolling_7_mean": 1388.5764815932196,
        "Electric Heater_lag_2": 509.9789692170853
    },
    "Aggregate_3": {
        "day_of_week": 170.81414585654312,
        "month": 742.1994603231371,
        "tavg_rolling_7": 1078.8020471891195,
        "Aggregate_rolling_7_mean": 1160.4134227492198,
        "Aggregate_rolling_7_std": 564.7411984072071,
        "Aggregate_lag_3": 1067.8638526834395
    },
    "Fridge_3": {
        "Fridge_rolling_7_mean": 14.021323883850224
    },
    "Chest Freezer_3": {
        "Chest Freezer_rolling_7_mean": 102.21503954910953
    },
    "Upright Freezer_3": {
        "Upright Freezer_rolling_7_mean": 51.16633158915968
    },
    "Tumble Dryer_3": {
        "day_of_week": 3.237509410076571,
        "month": 4.277212340222945,
        "tavg": 1.6320241354013691,
        "tavg_rolling_7": 1.8860544267470092,
        "tavg_rolling_30": 6.381269935419478,
        "Tumble Dryer_rolling_7_mean": 7.284862281771191,
        "Tumble Dryer_lag_14": 4.7578208636891
    },
    "Washing Machine_3": {
        "day_of_week": 27.485439479573852,
        "month": 11.04499046126134,
        "tavg": 7.52420531182194,
        "tavg_rolling_7": 23.979577632477252,
        "tavg_rolling_30": 16.03251822096592,
        "Washing Machine_rolling_7_mean": 32.13714164297103,
        "Washing Machine_lag_15": 15.116774058125802,
        "Washing Machine_lag_17": 24.236823087757823
    },
    "Dishwasher_3": {
        "day_of_week": 28.771357974319105,
        "month": 69.059279594082,
        "tavg": 55.62401943693466,
        "tavg_rolling_7": 52.74800576326637,
        "tavg_rolling_30": 86.09715910179558,
        "Dishwasher_rolling_7_mean": 70.03926641970797,
        "Dishwasher_lag_3": 66.3038145728299,
        "Dishwasher_lag_6": 20.176615282603187,
        "Dishwasher_lag_27": 48.166861058898704
    },
    "Computer Site_3": {
        "day_of_week": 0.6492190668099432,
        "month": 7.751900036547327,
        "tavg": 4.350782905422885,
        "tavg_rolling_7": 3.6536507464850687,
        "tavg_rolling_30": 5.765660748585516,
        "Computer Site_rolling_7_mean": 18.972401894463925,
        "Computer Site_lag_3": 1.3968519244031739
    },
    "Television Site_3": {
        "day_of_week": 4.470944265406824,
        "month": 5.238996547295359,
        "tavg": 2.316559600345629,
        "tavg_rolling_7": 4.466011330240613,
        "tavg_rolling_30": 14.366742582684928,
        "Television Site_rolling_7_mean": 6.5954816094705,
        "Television Site_lag_1": 4.640494066286439,
        "Television Site_lag_2": 1.031759365367103,
        "Television Site_lag_3": 5.0449359290745095,
        "Television Site_lag_4": 1.0082486711499523
    },
    "Electric Heater_3": {
        "day_of_week": 16.165943927965476,
        "month": 111.72912928257684,
        "tavg": 193.5009321594581,
        "tavg_rolling_7": 108.39861567815585,
        "tavg_rolling_30": 255.14055058454616,
        "Electric Heater_rolling_7_mean": 2251.3282967305295,
        "Electric Heater_lag_3": 503.78975361284085
    },
    "Aggregate_4": {
        "day_of_week": 89.83972731319118,
        "month": 494.90860476994027,